{
  "best_model": "MultinomialNB",
  "best_f1_score": 0.8211211892164273,
  "results": {
    "LogisticRegression": 0.7796878274831031,
    "RandomForest": 0.8024616170578903,
    "GradientBoosting": 0.8150428065832348,
    "LinearSVC": 0.7574332657039423,
    "MultinomialNB": 0.8211211892164273
  },
  "timestamp": "2025-12-06T03:12:28.698032"
}